Market,Exposure,ASX Code,Type,iNAV,Benchmark,Investment Style,Management Cost %,Outperf' Fee,Admission Date,YTD,1 Yr,3 Yr
Equity-Australia,"<a href=""https://www.betashares.com.au/fund/australia-200-etf/"" target=""_blank"">BetaShares Australia 200 ETF</a>",A200,ETF,"Yes, ASX: YA20",Solactive Australia 200 Index,Track,0.07,No,2018-08-05,14.75,16.1,12.64
Equity-Australia,"<a href=""https://www.blackrock.com/au/individual/products/251921/ishares-ishares-s-and-p-asx-20-etf"" target=""_blank"" title=""ilc"">iShares S&amp;P/ASX 20 ETF</a>",ILC,ETF,Yes,S&P/ASX Accumulation 20 Index,Track,0.24,No,2010-09-12,13.84,16.47,11.9
Equity-Australia,"<a href=""https://www.intelligentinvestor.com.au/invest-with-us/intelligent-investor-australian-equity-income-fund/inif"" target=""_blank"" title=""inif"">Intelligent Investor Australian Equity Income Fund (Managed Fund)</a>",INIF,MF,"Yes, IRESS: INIFINAV.ETF",Benchmark Unaware,Benchmark Unaware,0.97,No,2018-06-19,19.15,24.4,11.9
Equity-Australia,"<a href=""http://au.ishares.com/fund/fund-overview-IOZ-ASX.do"" target=""_blank"">iShares Core S&amp;P/ASX 200 ETF</a>",IOZ,ETF,Yes,S&P/ASX 200 Index,Track,0.09,No,2010-09-12,13.99,15.36,12.43
Equity-Australia,"<a href=""https://www.vaneck.com.au/funds/mvw/snapshot/"" target=""_blank"">VanEck Australian Equal Weight ETF</a>",MVW,ETF,"Yes, ASX: YMVW",Market Australia Equal Weight Index,Track,0.35,No,2014-06-03,13.12,13.8,12.33
Equity-Australia,"<a href=""http://www.betashares.com.au/"" target=""_blank"">BetaShares FTSE RAFI Australia 200 ETF</a>",QOZ,ETF,"Yes, ASX: YQOZ",FTSE RAFI Australia 200 Index,Track,0.4,No,2013-11-07,13.56,15.47,10.44
Equity-Australia,"<a href=""https://www.spdrs.com.au/etf/fund/spdr-sp-asx-50-fund-SFY.html"" target=""_blank"">SPDR S&amp;P/ASX 50 </a>",SFY,ETF,"Yes, ASX: YSFY",S&P/ASX 50 Index,Track,0.286,No,2001-08-27,13.79,14.48,11.56
Equity-Australia,"<a href=""https://www.ssga.com/au/en_gb/individual/etfs/funds/spdr-sp-asx-200-fund-stw"" target=""_blank"">SPDR S&amp;P/ASX 200 </a>",STW,ETF,"Yes, ASX: YSTW",Track S&P/ASX 200 Index,Track,0.13,No,2001-08-27,14.12,15.49,12.5
Equity-Australia,"<a href=""https://www.vanguard.com.au/personal/products/en/detail/8205/Overview"" target=""_blank"">Vanguard Australian Shares Index ETF</a>",VAS,ETF,Yes,S&P/ASX 300 Index,Track,0.1,No,2009-08-05,14.61,16.12,12.9
Equity-Australia,"<a href=""https://www.vanguard.com.au/personal/products/en/detail/8209/Overview"" target=""_blank"">Vanguard MSCI Australian Large Companies Index ETF</a>",VLC,ETF,Yes,MSCI Australian Shares Large Cap Index,Track,0.2,No,2011-05-26,13.59,16.35,12.31
Equity-AustraliaSmall/MidCap,"<a href=""http://www.betashares.com.au/products/name/australian-ex-20-portfolio-diversifier-etf/#each-overview"" target=""_blank"">BetaShares Australian Ex-20 Portfolio Diversifier ETF</a>",EX20,ETF,"Yes, ASX: YEX2",Nasdaq Australia Completion Cap Index,Track,0.25,No,2016-07-10,13.85,14.89,12.93
Equity-AustraliaSmall/MidCap,"<a href=""https://einvest.com.au/impq/"" target=""_blank"">eInvest Future Impact Small Caps Fund (Managed Fund)</a>",IMPQ,MF,"Yes, IRESS: IMPQINAV.ETF",S&P/ASX Small Ordinaries Accumulation Index,Outperform,0.99,Yes,2019-05-23,14.12,19.98,0.0
Equity-AustraliaSmall/MidCap,"<a href=""https://www.blackrock.com/au/individual/products/251923/ishares-ishares-s-and-p-asx-small-ordinaries-etf"" target=""_blank"" title=""iso"">iShares S&amp;P/ASX Small Ordinaries ETF</a>",ISO,ETF,Yes,S&P/ASX Small Ordinaries Index,Track,0.55,No,2010-09-12,14.83,17.93,12.89
Equity-AustraliaSmall/MidCap,"<a href=""https://www.k2am.com.au/k2-funds"" target=""_blank"">K2 Australian Small Cap Fund (Hedge Fund)</a>",KSM,MF,Yes,Benchmark Unaware,Benchmark Unaware,2.27,Yes,2015-12-15,16.65,18.51,11.87
Equity-AustraliaSmall/MidCap,"<a href=""https://www.vaneck.com.au/funds/mve/snapshot/"" target=""_blank"">VanEck S&amp;P/ASX MidCap 50 ETF</a>",MVE,ETF,"Yes, ASX: YMVE",S&P/ASX Midcap 50 Index,Track,0.45,No,2013-10-16,15.89,19.74,17.09
Equity-AustraliaSmall/MidCap,"<a href=""http://www.vaneck.com.au/"" target=""_blank"">VanEck Small Companies Masters ETF</a>",MVS,ETF,"Yes, ASX: YMVS",Market Australia Small- Cap Dvidend Payers Index,Track,0.49,No,2015-05-28,13.45,15.72,9.9
Equity-AustraliaSmall/MidCap,"<a href=""https://www.spdrs.com.au/etf/fund/spdr-sp-asx-small-ordinaries-fund-SSO.html"" target=""_blank"">SPDR S&amp;P/ASX Small Ordinaries Fund</a>",SSO,ETF,"Yes, ASX: YSSO",S&P/ASX Small Ordinaries Index,Track,0.5,No,2011-04-13,14.82,17.98,13.28
Equity-AustraliaSmall/MidCap,"<a href=""https://www.vanguard.com.au/personal/products/en/detail/8211/Overview"" target=""_blank"">Vanguard MSCI Australian Small Companies Index ETF</a>",VSO,ETF,Yes,MSCI Australian Shares Small Cap Index,Track,0.3,No,2011-05-26,17.27,20.7,16.48
Equity-AustralianSectors,"<a href=""https://www.betashares.com.au/fund/sp-asx-australian-technology-etf/"" target=""_blank"">BetaShares S&amp;P/ASX Australian Technology ETF</a>",ATEC,ETF,Yes,S&P/ASX All Technology Index,Track,0.48,No,2020-05-03,8.84,16.53,0.0
Equity-AustralianSectors,"<a href=""https://www.vaneck.com.au/funds/mvb/snapshot/"" target=""_blank"">VanEck Australian Bank ETF</a>",MVB,ETF,"Yes, ASX: YMVB",Market Australia Banks Index,Track,0.28,No,2013-10-16,22.18,22.02,8.09
Equity-AustralianSectors,"<a href=""http://www.vaneck.com.au/"" target=""_blank"">VanEck Australian Resources ETF</a>",MVR,ETF,"Yes, ASX: YMVR",Market Australia Energy & Resources Index,Track,0.35,No,2013-10-16,2.34,7.11,11.99
Equity-AustralianSectors,"<a href=""https://www.spdrs.com.au/etf/fund/spdr-sp-asx-200-financials-ex-a-reit-fund-OZF.html"" target=""_blank"">SPDR S&amp;P/ASX 200 Financials ex A-REITs Fund</a>",OZF,ETF,"Yes, ASX: YOZF",S&P/ASX 200 Financial ex A-REIT Index,Track,0.4,No,2011-04-13,19.63,18.98,6.99
Equity-AustralianSectors,"<a href=""https://www.spdrs.com.au/etf/fund/spdr-sp-asx-200-resources-fund-OZR.html"" target=""_blank"">SPDR S&amp;P/ASX 200 Resource Fund </a>",OZR,ETF,"Yes, ASX: YOZR",S&P/ASX 200 Resources Index,Track,0.4,No,2011-04-13,2.05,10.67,13.3
Equity-AustralianSectors,"<a href=""https://www.betashares.com.au/fund/financials-sector-etf-betashares/"" target=""_blank"">BetaShares S&amp;P/ASX 200 Financials Sector ETF </a>",QFN,ETF,"Yes, ASX: YQFN",S&P/ASX 200 Financial ex A-REIT Index,Track,0.34,No,2010-12-15,19.67,19.06,6.98
Equity-AustralianSectors,"<a href=""https://www.betashares.com.au/fund/resources-sector-etf-betashares/"" target=""_blank"">BetaShares S&amp;P/ASX 200 Resources Sector ETF </a>",QRE,ETF,"Yes, ASX: YQRE",S&P/ASX 200 Resources Index,Track,0.34,No,2010-12-15,3.55,12.61,13.92
Equity-AustraliaStrategy,"<a href=""https://www.airliefundsmanagement.com.au/airlie-australian-share-fund/"" target=""_blank"">Airlie Australian Share Fund (Managed Fund)</a>",AASF,MF,"Yes, IRESS: AASF-AUINAV.NGIF",Benchmark Unaware,Benchmark Unaware,0.78,No,2020-04-06,22.57,24.85,15.44
Equity-AustraliaStrategy,"<a href=""https://www.blackrock.com/au/individual/products/284664/ishares-edge-msci-australia-multi-factor-etf"" target=""_blank"" title=""aumf"">iShares Edge MSCI Australia Multifactor ETF</a>",AUMF,ETF,No,MSCI Australia IMI Diversified Multiple- Factor (AUD) Index,Track,0.3,No,2016-10-14,7.11,10.95,10.08
Equity-AustraliaStrategy,"<a href=""http://www.betashares.com.au/products/name/managed-risk-australian-share-fund/#each-overview"" target=""_blank"">BetaShares Managed Risk Australian Share Fund (Managed Fund)</a>",AUST,MF,Yes,Benchmark Unaware,Benchmark Unaware,0.49,No,2015-10-11,9.47,10.43,7.49
Equity-AustraliaStrategy,"<a href=""https://www.betashares.com.au/fund/australian-equities-strong-bear-fund/"" target=""_blank"">BetaShares Australian Strong Bear (Hedge Fund)</a>",BBOZ,MF,Yes,Inverse Leveraged S&P/ASX 200 Index,Outperform,1.38,No,2015-04-20,-27.81,-29.95,-34.77
Equity-AustraliaStrategy,"<a href=""https://www.betashares.com.au/fund/australian-equities-bear-fund/"" target=""_blank"">BetaShares Australian Equities Bear (Hedge Fund)</a>",BEAR,MF,Yes,Inverse S&P/ASX 200 Index,Outperform,1.48,No,2012-09-07,-13.43,-14.51,-14.43
Equity-AustraliaStrategy,"<a href=""https://www.vaneck.com.au/etf/equity/dvdy/snapshot/"" target=""_blank"">VanEck Morningstar Australian Moat Income ETF</a>",DVDY,ETF,Yes,Morningstar Australia Dividend Yield Focus Index,Track,0.35,No,2020-10-09,14.36,15.11,0.0
Equity-AustraliaStrategy,"<a href=""https://www.ssga.com/au/en_gb/individual/etfs/funds/spdr-sp-asx-200-esg-fund-e200"" target=""_blank"">SPDR S&amp;P/ASX 200 ESG ETF</a>",E200,ETF,Yes,S&P/ASX 200 Index,Track,0.13,No,2020-05-08,13.64,13.59,0.0
Equity-AustraliaStrategy,"<a href=""https://einvest.com.au/einvest-income-generator/"" target=""_blank"">eInvest Income Generator Fund (Managed Fund)</a>",EIGA,MF,"Yes, IRESS: EIGAINAV.ETF",S&P/ASX 300 Franking Credit Adjusted Daily TR Index,Outperform,0.8,No,2018-07-05,9.42,10.88,7.34
Equity-AustraliaStrategy,"<a href=""https://www.betashares.com.au/fund/betashares-legg-mason-equity-income-fund/"" title=""Follow link"">BetaShares Martin Currie Equity Income Fund (Managed Fund)</a>",EINC,MF,"Yes, IRESS: EINCINAV.ETF",S&P/ASX 200 Index,Outperform,0.85,No,2018-02-19,12.09,12.31,8.16
Equity-AustraliaStrategy,"<a href=""https://www.betashares.com.au/fund/australian-sustainability-leaders-etf/"" target=""_blank"">BetaShares Australian Sustainability Leaders ETF</a>",FAIR,ETF,"Yes, ASX: YFAI",Nasdaq Future Australian Sustainability Leaders Index,Track,0.49,No,2017-11-29,15.62,13.32,13.77
Equity-AustraliaStrategy,"<a href=""http://betashares.com.au/products/name/geared-fund/"" target=""_blank"">BetaShares Geared Australian Equity Fund (Hedge Fund)</a>",GEAR,MF,Yes,S&P/ASX 200 Index,Outperform,0.8,No,2014-02-05,29.78,32.99,19.05
Equity-AustraliaStrategy,"<a href=""https://www.perpetual.com.au/funds/perpetual-ethical-sri-fund-asx-give"" title=""Follow link"">Perpetual Ethical SRI Fund (Managed Fund) (ASX: GIVE)</a>",GIVE,MF,Yes,S&P/ASX 300 Accumulation Index,Outperform,0.65,Yes,2021-11-29,0.0,0.0,0.0
Equity-AustraliaStrategy,"<a href=""http://www.vaneck.com.au/"" target=""_blank"">VanEck MSCI Australian Sustainable Equity ETF</a>",GRNV,ETF,"Yes, ASX: YGRN",MSCI Australia IMI Select SRI Screened Index,Track,0.35,No,2019-06-26,15.9,16.42,13.88
Equity-AustraliaStrategy,"<a href=""http://betashares.com.au/products/name/australian-dividend-harvester-fund/"" target=""_blank"">BetaShares Australian Dividend Harvester Fund (Managed Fund)</a>",HVST,MF,"Yes, IRESS: HVST.AXW",Benchmark Unaware,Benchmark Unaware,0.9,No,2014-03-11,6.43,6.94,5.79
Equity-AustraliaStrategy,"<a href=""https://www.blackrock.com/au/individual/products/318831/"" title=""iesg"">iShares Core MSCI Australia ESG Leaders ETF</a>",IESG,ETF,No,MSCI Australia IMI Custom ESG Leaders Index,Track,0.09,No,2021-04-06,0.0,0.0,0.0
Equity-AustraliaStrategy,"<a href=""http://au.ishares.com/fund/fund-overview-IHD-ASX.do"" target=""_blank"">iShares S&amp;P/ASX High Dividend Yield ETF</a>",IHD,ETF,Yes,S&P ASX Australia Dividend Opportunities Accumulation Index,Track,0.3,No,2010-09-12,8.45,13.96,10.06
Equity-AustraliaStrategy,"<a href=""https://www.investsmart.com.au/help-centre/topic/investsmart-australian-equity-income-fund-managed-fund-asx-inif/10"" target=""_blank"" title=""iigf"">Intelligent Investor Australian Equity Income Fund (Managed Fund)</a>",IIGF,MF,"Yes, IRESS: IIGFINAV.ETF",S&P/ASX 200 Accumulation Index,Outperform,0.97,No,2020-06-10,19.26,24.06,0.0
Equity-AustraliaStrategy,"<a href=""https://www.investsmart.com.au/invest-with-us/landing/ethical-share-fund-managed-fund-asx-ines/169"" target=""_blank"">Intelligent Investor Ethical Share Fund (Managed Fund)</a>",INES,MF,"Yes, IRESS: INESINAV.ETF",Benchmark Unaware,Benchmark Unaware,0.97,No,2019-12-06,21.96,24.8,0.0
Equity-AustraliaStrategy,"<a href=""https://monashinvestors.com/"">Monash Absolute Active Trust (Hedge Fund)</a>",MAAT,MF,Yes,Benchmark Unaware,Benchmark Unaware,1.2813,Yes,2021-10-06,0.0,0.0,0.0
Equity-AustraliaStrategy,"<a href=""https://www.blackrock.com/au/individual/products/284666/ishares-edge-msci-australia-minimum-volatility-etf"" target=""_blank"" title=""mvol"">iShares Edge MSCI Australia Minimum Volatility ETF</a>",MVOL,ETF,No,MSCI Australia IMI Select Minimum Volatility (AUD) Index,Track,0.3,No,2016-10-14,14.34,15.08,9.7
Equity-AustraliaStrategy,"<a href=""https://russellinvestments.com/au/solutions/exchange-traded-funds/funds/RARIETF"" target=""_blank"">Russell Australian Responsible Investment ETF</a>",RARI,ETF,"Yes, ASX: YRAR",Russell Australia ESG High Dividend Index,Track,0.45,No,2015-08-04,15.66,16.94,10.24
Equity-AustraliaStrategy,None,RDV,ETF,"Yes, ASX: YRDV",Russell Australia High Dividend Index,Track,0.34,No,2010-05-14,12.67,12.91,7.85
Equity-AustraliaStrategy,"<a href=""https://www.etfsecurities.com.au/product/self"" target=""_blank"">SelfWealth SMSF Leaders ETF</a>",SELF,ETF,No,SelfWealth SMSF Leaders Index,Track,0.88,No,2019-12-11,8.56,8.22,0.0
Equity-AustraliaStrategy,"<a href=""http://www.betashares.com.au/fund/australian-small-companies-select-fund-managed-fund/"" target=""_blank"">BetaShares Australian Small Companies Select Fund (Managed Fund)</a>",SMLL,MF,"Yes, IRESS: SMLL.AX",S&P/ASX Small Ordinaries Index,Outperform,0.39,No,2017-11-04,14.99,19.53,15.56
Equity-AustraliaStrategy,"<a href=""https://www.switzerassetmanagement.com.au/funds/swtz/"" target=""_blank"">Switzer Dividend Growth Fund (Managed Fund)</a>",SWTZ,MF,"Yes, IRESS: SWTZINAV.ETF",Benchmark Unaware,Benchmark Unaware,0.89,No,2017-02-24,13.67,14.28,8.83
Equity-AustraliaStrategy,"<a href=""https://www.spdrs.com.au/etf/fund/spdr-msci-australia-select-high-dividend-yield-fund-SYI.html"" target=""_blank"">SPDR MSCI Australia Select High Dividend Yield Fund </a>",SYI,ETF,"Yes, ASX: YSYI","MSCI Australia Select High Dividend
Yield Index",Track,0.35,No,2010-09-29,9.2,12.54,9.3
Equity-AustraliaStrategy,"<a href=""https://www.vanguard.com.au/personal/products/en/detail/8226/Overview"" target=""_blank"">Vanguard Ethically Conscious Australian Shares ETF</a>",VETH,ETF,No,FTSE Australia 300 Choice Index,Track,0.17,No,2020-10-14,15.34,15.88,0.0
Equity-AustraliaStrategy,"<a href=""https://www.vanguard.com.au/personal/products/en/detail/8210/Overview"" target=""_blank"">Vanguard Australian Shares High Yield ETF</a>",VHY,ETF,Yes,"FTSE ASFA Australia High Dividend
Yield Index",Track,0.25,No,2011-05-26,12.07,14.95,10.65
Equity-AustraliaStrategy,"<a href=""http://www.betashares.com.au/products/name/equity-yield-maximiser-fund/#each-overview"" target=""_blank"">BetaShares Australia Top20 Equity Yield Max Fund</a>",YMAX,MF,Yes,Buy/write Solactive Australia 20 Index,Track,0.76,No,2012-11-26,12.29,12.97,7.55
Equity-AustraliaStrategy,"<a href=""https://www.etfsecurities.com.au/product/zyau"" target=""_blank"">ETFS S&amp;P/ASX 300 High Yield Plus ETF</a>",ZYAU,ETF,No,S&P/ASX 300 Shareholder Yield Index,Track,0.35,No,2015-12-06,12.37,16.85,4.67
Equity-Global,"<a href=""https://www.blackrock.com/au/individual/products/271031/ishares-global-100-aud-hedged-etf"" target=""_blank"" title=""ihoo"">iShares Global 100 AUD Hedged ETF</a>",IHOO,ETF,No,S&P Global 100 Hedged AUD Index,Track,0.43,No,2014-12-18,21.64,26.39,17.37
Equity-Global,"<a href=""https://www.blackrock.com/au/individual/products/273428/ishares-global-100-etf"" target=""_blank"" title=""ioo"">iShares S&amp;P Global 100 ETF</a>",IOO,ETF,No,S&P Global 100 Index,Track,0.4,No,2007-10-10,31.06,30.72,20.65
Equity-Global,"<a href=""https://www.blackrock.com/au/individual/products/273432/ishares-msci-eafe-etf"" target=""_blank"" title=""ive"">iShares MSCI EAFE ETF</a>",IVE,ETF,No,MSCI EAFE Index,Track,0.31,No,2007-10-10,15.97,16.11,10.49
Equity-Global,"<a href=""https://www.blackrock.com/au/individual/products/283117/ishares-core-msci-world-all-cap-etf-fund"" target=""_blank"">iShares Core MSCI World ex Australia ESG Leaders ETF</a>",IWLD,ETF,No,MSCI World ex Australia Custom ESG Leaders Index,Track,0.1,No,2016-04-28,35.91,35.6,19.57
Equity-Global,"<a href=""https://www.vanguard.com.au/personal/products/en/detail/0991/Overview"" target=""_blank"">Vanguard All-World ex US Shares Index ETF</a>",VEU,ETF,No,"FTSE
All- World ex-US Index",Outperform,0.08,No,2009-08-05,11.24,20.71,9.71
Equity-Global,"<a href=""https://www.vanguard.com.au/personal/products/en/detail/8212/Overview"" target=""_blank"">Vanguard MSCI Index International Shares ETF</a>",VGS,ETF,No,MSCI World Ex Australia AUD Index,Track,0.18,No,2014-11-20,27.45,26.83,18.28
Equity-Global,"<a href=""https://www.spdrs.com.au/etf/fund/spdr-sp-world-ex-australia-fund-WXOZ.html"" target=""_blank"">SPDR S&amp;P World ex Australian Fund</a>",WXOZ,ETF,No,S&P Developed Ex-Australia LargeMidCap AUD Index,Track,0.3,No,2013-03-19,26.42,26.0,17.87
Equity-GlobalSectors,"<a href=""https://www.betashares.com.au/fund/electric-vehicles-and-future-mobility-etf/#announcements"" title=""Follow link"">BetaShares Electric Vehicles and Future Mobility ETF</a>",DRIV,ETF,No,Solactive Future Mobility Index,Track,0.67,No,2021-12-15,0.0,0.0,0.0
Equity-GlobalSectors,"<a href=""https://www.betashares.com.au/fund/future-of-payments-etf/#resources"" title=""Follow link"">BetaShares Future of Payments ETF</a>",IPAY,ETF,No,Nasdaq CTA Global Digital Payments Index,Track,0.67,No,2021-12-15,,,
Equity-GlobalSectors,"<a href=""https://www.etfsecurities.com.au/product/acdc"" target=""_blank"">ETFS Battery Tech &amp; Lithium ETF</a>",ACDC,ETF,No,Solactive Battery Value-Chain Index,Track,0.69,No,2018-03-09,22.96,29.83,30.63
Equity-GlobalSectors,"<a href=""https://www.betashares.com.au/fund/asia-technology-tigers-etf/"" target=""_blank"">BetaShares Asia Technology Tigers ETF</a>",ASIA,ETF,No,Solactive Asia ex-Japan Technology & Internet Tigers Index,Track,0.67,No,2018-09-21,-11.15,-4.5,24.41
Equity-GlobalSectors,"<a href=""http://www.betashares.com.au/products/name/global-banks-etf-currency-hedged/#each-overview"" target=""_blank"">BetaShares Global Banks ETF - Currency Hedged</a>",BNKS,ETF,No,Nasdaq Global Ex-Australia Banks Hedged AUD Index,Track,0.57,No,2016-01-08,31.37,61.93,4.7
Equity-GlobalSectors,"<a href=""https://www.betashares.com.au/fund/asia-technology-tigers-etf/"" target=""_blank"">BetaShares Cloud Computing ETF</a>",CLDD,ETF,No,Indxx Global Cloud Computing Index ,Track,0.67,No,2021-02-24,0.0,0.0,0.0
Equity-GlobalSectors,"<a href=""https://www.vaneck.com.au/news-and-media/news/media-release/vaneck-to-launch-australias-first-clean-energy-etf/"" target=""_blank"">VanEck Global Clean Energy ETF</a>",CLNE,ETF,No,S&P Global Clean Energy Select Index,Track,0.65,No,2021-10-03,0.0,0.0,0.0
Equity-GlobalSectors,"<a href=""https://www.vaneck.com.au/funds/cnew/snapshot/"" target=""_blank"">VanEck China New Economy ETF</a>",CNEW,ETF,No,CSI Market Grader China New Economy Index,Track,0.95,No,2018-09-11,16.6,14.07,27.52
Equity-GlobalSectors,"<a href=""https://www.etfsecurities.com.au/product/cure"" target=""_blank"">ETFS S&amp;P Biotech ETF</a>",CURE,ETF,No,S&P Biotechnology Select Industry Index,Track,0.45,No,2018-12-11,-10.26,-9.26,13.21
Equity-GlobalSectors,"<a href=""http://www.betashares.com.au/products/name/global-healthcare-etf-currency-hedged/#each-overview"" target=""_blank"">BetaShares Global Healthcare ETF - Currency Hedged</a>",DRUG,ETF,No,Nasdaq Global Healthcare Hedged AUD Index,Track,0.57,No,2016-08-08,17.66,30.54,13.19
Equity-GlobalSectors,"<a href=""https://www.vaneck.com.au/etf/equity/espo/snapshot/"" target=""_blank"">VanEck Video Gaming and eSports ETF</a>",ESPO,ETF,No,MVIS® Global Video Gaming and eSports Index (AUD),Track,0.55,No,2020-10-09,13.54,16.14,0.0
Equity-GlobalSectors,"<a href=""https://www.etfsecurities.com.au/product/fang"" target=""_blank"">ETFS FANG+ ETF</a>",FANG,ETF,No,NYSE®FANG+™ Index,Track,0.35,No,2020-02-27,31.78,38.86,0.0
Equity-GlobalSectors,"<a href=""http://www.betashares.com.au/products/name/global-agriculture-etf-currency-hedged/#each-overview"" target=""_blank"">BetaShares Global Agriculture Companies ETF</a>",FOOD,ETF,No,Nasdaq Global Agriculture Companies ex-Australia Hedged AUD Index,Track,0.57,No,2016-04-08,21.88,38.97,10.93
Equity-GlobalSectors,"<a href=""http://www.betashares.com.au/products/name/global-energy-companies-etf-currency-hedged/#each-overview"" target=""_blank"">BetaShares Global Energy Companies ETF - Currency Hedged</a>",FUEL,ETF,No,Nasdaq Global ex- Australia Energy Companies Hedged AUD Index,Track,0.57,No,2016-06-20,29.25,33.45,-4.93
Equity-GlobalSectors,"<a href=""https://www.vaneck.com.au/funds/gdx/snapshot/"" target=""_blank"">VanEck Gold Miners ETF</a>",GDX,ETF,No,NYSE Arca Gold Miners Index,Track,0.53,No,2015-06-26,-3.79,-4.03,20.34
Equity-GlobalSectors,"<a href=""http://www.betashares.com.au/products/name/global-cybersecurity-etf/#each-overview"" target=""_blank"">BetaShares Global Cybersecurity ETF</a>",HACK,ETF,No,Nasdaq CTA Cybersecurity Total Return Index,Track,0.67,No,2016-01-09,27.31,39.74,28.71
Equity-GlobalSectors,"<a href=""https://www.vaneck.com.au/etf/equity/hlth/snapshot/"" target=""_blank"">VanEck Global Healthcare Leaders ETF</a>",HLTH,ETF,No,MarketGrader Developed Markets (ex-Australia) Health Care Net Return AUD Index,Track,0.45,No,2020-10-09,19.29,18.88,0.0
Equity-GlobalSectors,"<a href=""https://www.betashares.com.au/fund/nasdaq-100-etf-currency-hedged/"" target=""_blank"">BetaShares NASDAQ 100 ETF - Currency Hedged</a>",HNDQ,ETF,No,NASDAQ-100 Currency Hedged AUD Index,Track,0.51,No,2020-07-22,22.46,41.92,0.0
Equity-GlobalSectors,"<a href=""https://www.blackrock.com/au/individual/products/273429/ishares-global-consumer-staples-etf"" target=""_blank"" title=""ixi"">iShares S&amp;P Global Consumer Staples ETF</a>",IXI,ETF,No,S&P Global 1200 Consumer Staples Sector Index,Track,0.47,No,2009-11-03,13.65,11.57,9.47
Equity-GlobalSectors,"<a href=""https://www.blackrock.com/au/individual/products/273430/ishares-global-healthcare-etf"" target=""_blank"" title=""ixj"">iShares S&amp;P Global Healthcare ETF</a>",IXJ,ETF,No,S&P Global 1200 Health Care Index,Track,0.47,No,2009-11-03,20.7,19.15,13.13
Equity-GlobalSectors,"<a href=""http://www.betashares.com.au/products/name/global-gold-miners-etf-currency-hedged/#each-overview"" target=""_blank"">BetaShares Global Gold Miners ETF - Currency Hedged</a>",MNRS,ETF,No,Nasdaq Global Gold Miners ex- Australia Hedged AUD Index,Track,0.57,No,2016-07-29,-7.48,-2.37,26.44
Equity-GlobalSectors,"<a href=""https://www.betashares.com.au/fund/global-robotics-and-artificial-intelligence-etf/"" target=""_blank"">BetaShares Global Robotics and Artificial Intelligence ETF</a>",RBTZ,ETF,No,Indxx Global Robotics & Artificial Intelligence Thematic Index,Track,0.57,No,2018-09-14,19.77,19.09,24.94
Equity-GlobalSectors,"<a href=""https://www.etfsecurities.com.au/product/robo"" target=""_blank"" title=""robo"">ETFS ROBO Global Robotics and Automation ETF</a>",ROBO,ETF,No,ROBO Global® Robotics and Automation Index TR,Track,0.69,No,2017-09-14,21.86,26.13,24.07
Equity-GlobalSectors,"<a href=""https://www.etfsecurities.com.au/product/tech"" target=""_blank"">ETFS Morningstar Global Technology ETF</a>",TECH,ETF,No,Morningstar Developed Markets Technology Moat Focus Index,Track,0.45,No,2017-11-04,21.22,22.02,28.95
Equity-GlobalSectors,"<a href=""https://www.vanguard.com.au/personal/products/en/detail/8227/Overview"" target=""_blank"">Vanguard MSCI International Small Companies Index ETF</a>",VISM,ETF,No,MSCI World ex-Australia Small Cap Index,Track,0.33,No,2018-11-13,21.48,24.5,14.93
Equity-GlobalStrategy,"<a href=""https://www.vaneck.com.au/etf/equity/gpeq/snapshot"">VanEck Global Listed Private Equity ETF (ASX: GPEQ)</a>",GPEQ,ETF,No,LPX50 Index,Track,0.92,No,2021-11-25,0.0,0.0,0.0
Equity-GlobalStrategy,"<a href=""https://www.betashares.com.au/"" target=""_blank"">BetaShares Crypto Innovators ETF (ASX: CRYP)</a>",CRYP,ETF,No,Bitwise Crypto Innovators Index,Track,0.67,No,2021-04-11,0.0,0.0,0.0
Equity-GlobalStrategy,"<a href=""https://www.perpetual.com.au/funds/perpetual-global-innovation-share-fund-asx-idea"">Perpetual Global Innovation Share Fund (Managed Fund)</a>",IDEA,MF,Yes,MSCI All Countries World Net Total Return Index (AUD),Outperform,1.01,Yes,2021-12-12,,,
Equity-GlobalStrategy,"<a href=""https://www.fidelity.com.au/funds/fidelity-global-demographics-fund/?fundTab=story"">Fidelity Global Demographics Fund (Managed Fund) (ASX: FDEM)<br/>
</a>",FDEM,MF,No,"MSCI All Country World Index NR

",Outperform,0.89,No,2021-12-13,18.68,18.64,16.26
Equity-GlobalStrategy,"<a href=""https://www.loomissayles.com.au/global-equity-fund-quoted/fund-overview/"" target=""_blank"" title=""Loomis Sayles"">Loomis Sayles Global Equity Fund (Quoted Managed Fund)<br/>
</a>",LSGE,MF,"Yes IRESS: , LSGEAUDINAV.ETF, , , ","MSCI All Country World Index

",Outperform,0.99,Nil,2021-01-10,0.0,0.0,0.0
Equity-GlobalStrategy,"<a href=""https://www.janushenderson.com/FUTR"" target=""_blank"">Janus Henderson Global Sustainable Equity Active ETF (Managed Fund)</a>",FUTR,MF,No,MSCI World Index (net dividends reinvested),Outperform,0.8,No,2021-09-22,0.0,0.0,0.0
Equity-GlobalStrategy,"<a href=""https://www.magellangroup.com.au/"" target=""_blank"">Magellan High Conviction Trust (Managed Fund)</a>",MHHT,MF,Yes IRESS: MHHT-AUINAV.NGIF,Benchmark Unaware,Benchmark Unaware,2.43,Yes,2021-08-31,-7.66,-11.65,0.0
Equity-GlobalStrategy,"<a href=""https://www.etfsecurities.com.au/"" target=""_blank"" title=""ETFS"">ETFS Semiconductor ETF </a>",SEMI,ETF,No,Solactive Global Semiconductor 30 Index,Track,0.57,No,2021-08-31,0.0,0.0,0.0
Equity-GlobalStrategy,"<a href=""https://www.etfsecurities.com.au/"" target=""_blank"" title=""ETFS"">ETFS Hydrogen ETF </a>",HGEN,ETF,No,Solactive Global Hydrogen ESG Index,Track,0.69,No,2021-07-07,0.0,0.0,0.0
Equity-GlobalStrategy,"<a href=""https://k2am.com.au/k2-etfs"" target=""_blank"">Apostle Dundas Global Equity Fund - Class D units (Managed Fund) </a>",ADEF,MF,Yes,MSCI All Country World Index (ex Australia),Outperform,0.9,No,2021-02-24,0.0,0.0,0.0
Equity-GlobalStrategy,"<a href=""https://www.antipodespartners.com/AGX1/"" target=""_blank"">Antipodes Global Shares (Quoted Managed Fund)</a>",AGX1,MF,"Yes, IRESS:, AGX1INAV.ETF",MSCI All Country World Net Index,Outperform,1.1,Yes,2018-07-11,0.0,0.0,0.0
Equity-GlobalStrategy,"<a href=""https://www.betashares.com.au/fund/us-equities-strong-bear-fund/"" target=""_blank"">BetaShares US Equities Strong Bear Currency Hedged (Hedge Fund)</a>",BBUS,MF,No,S&P 500 Index,Outperform,1.38,No,2015-08-26,-41.14,-46.34,-42.45
Equity-GlobalStrategy,"<a href=""https://www.betashares.com.au/fund/betashares-legg-mason-emerging-markets-fund/"" title=""Follow link"">BetaShares Martin Currie Emerging Markets Fund (Managed Fund)</a>",EMMG,MF,"Yes, IRESS: EMMGINAV.ETF",MSCI Emerging Markets Index,Outperform,1.0,No,2019-06-06,3.78,6.72,0.0
Equity-GlobalStrategy,"<a href=""https://www.vaneck.com.au/funds/esgi/snapshot/"" target=""_blank"">VanEck MSCI International Sustainable Equity ETF</a>",ESGI,ETF,No,MSCI World Ex Australia Ex Fossil Fuel Select SRI and Low Carbon Capped Index,Track,0.55,No,2018-08-03,21.41,19.99,16.08
Equity-GlobalStrategy,"<a href=""http://www.betashares.com.au/fund/global-sustainability-leaders-etf/"" target=""_blank"">BetaShares Global Sustainability Leaders ETF</a>",ETHI,ETF,No,Nasdaq Future Global Sustainability Leaders Index,Track,0.59,No,2017-09-01,28.42,29.15,28.13
Equity-GlobalStrategy,"<a href=""https://www.betashares.com.au/fund/climate-change-innovation-etf/"" target=""_blank"" title=""erth"">BetaShares Climate Change Innovation ETF</a>",ERTH,ETF,No,Solactive Climate Change and Environmental Opportunities Index ,Track,0.65,No,2021-11-03,0.0,0.0,0.0
Equity-GlobalStrategy,"<a href=""https://www.fidelity.com.au/funds/fidelity-global-emerging-markets-fund/"" target=""_blank"">Fidelity Global Emerging Markets Fund (Managed Fund)</a>",FEMX,MF,"Yes, IRESS: FEMXINAV.ETF",MSCI Emerging Markets Index NR,Outperform,0.99,No,2018-05-11,10.14,15.39,18.79
Equity-GlobalStrategy,"<a href=""https://www.betashares.com.au/fund/geared-us-fund-betashares/"" target=""_blank"">BetaShares Geared US Equity Fund Currency Hedged (Hedge Fund)</a>",GGUS,MF,No,S&P 500 Index,Outperform,0.8,No,2015-08-18,49.72,60.93,33.51
Equity-GlobalStrategy,"<a href=""https://www.vaneck.com.au/etf/equity/goat/snapshot/"" target=""_blank"">VanEck Morningstar World Ex Australia Wide Moat ETF</a>",GOAT,ETF,No,Morningstar® Developed Markets ex Australia Wide Moat Focus Index™,Track,0.55,No,2020-10-09,22.25,19.66,0.0
Equity-GlobalStrategy,"<a href=""https://www.betashares.com.au/fund/global-sustainability-leaders-etf-currency-hedged/"" target=""_blank"">BetaShares Global Sustainability Leaders ETF - Currency Hedged </a>",HETH,ETF,No,NASDAQ Future Global Sustainability Leaders Currency Hedged AUD Index,Track,0.62,No,2020-07-22,20.68,42.04,0.0
Equity-GlobalStrategy,"<a href=""https://www.betashares.com.au/fund/global-quality-leaders-etf-currency-hedged/"" target=""_blank"">BetaShares Global Quality Leaders ETF (Currency Hedged)</a>",HQLT,ETF,No,iSTOXX MUTB Global ex-Australia Quality Leaders Index AUD Hedged,Track,0.38,No,2020-10-06,20.74,35.85,0.0
Equity-GlobalStrategy,"<a href=""https://www.hyperion.com.au/hyperion-small-growth-companies-fund/"" target=""_blank"">Hyperion Global Growth Companies Fund (Managed Fund)</a>",HYGG,MF,"Yes, IRESS: HYGG.AXW",MSCI World Accumulation Index (AUD),Outperform,0.7,Yes,2021-03-22,24.61,25.45,31.42
Equity-GlobalStrategy,"<a href=""https://www.blackrock.com/au/individual/products/283119/ishares-core-msci-world-all-cap-(aud-hedged)-etf-fund"" target=""_blank"">iShares Core MSCI World ex Australia ESG Leaders (AUD Hedged) ETF</a>",IHWL,ETF,No,MSCI World ex Australia Custom ESG Leaders Index 100% Hedged to AUD,Track,0.13,No,2016-04-28,27.0,31.59,16.32
Equity-GlobalStrategy,"<a href=""https://www.betashares.com.au/fund/global-income-leaders-etf/"" target=""_blank"">BetaShares Global Income Leaders ETF</a>",INCM,ETF,No,Nasdaq Global Income Leaders Index,Track,0.45,No,2018-10-22,20.08,16.62,2.79
Equity-GlobalStrategy,"<a href=""https://www.etfsecurities.com.au/category/short--leveraged"" target=""_blank"">ETFS Ultra Long NASDAQ 100 (Hedge Fund)</a>",LNAS,MF,No,Nasdaq 100 Index ,Outperform,1.0,No,2020-07-13,60.91,79.46,0.0
Equity-GlobalStrategy,"<a href=""https://www.loftuspeak.com.au/"" target=""_blank"">Loftus Peak Global Disruption Fund (Managed Fund)</a>",LPGD,MF,"Yes, IRESS: LPGDINAV.ETF",MSCI All Countries World Index (net dividends reinvested) in Australian Dollars,Outperform,1.2,Yes,2020-09-11,22.98,23.97,30.31
Equity-GlobalStrategy,"<a href=""https://munropartners.com.au/funds/munro-global-growth-fund/#maet.asx"" target=""_blank"" title=""maet"">Munro Global Growth Fund (Hedge Fund)</a>",MAET,MF,"Yes, IRESS: MAETINAV.ETF",MSCI All Country World Index in $A (Net),Outperform,1.35,Yes,2020-02-11,14.07,16.53,0.0
Equity-GlobalStrategy,"<a href=""https://www.magellangroup.com.au/funds/magellan-global-fund-open-class-asx-mgoc/"" target=""_blank"">Magellan Global Fund (Open Class) (Managed Fund)</a>",MGOC,MF,"Yes, IRESS: MGOC-AUINAV.NGIF",MSCI World Total Return Index (AUD),Outperform,1.35,Yes,2020-11-30,15.71,12.03,13.16
Equity-GlobalStrategy,"<a href=""https://www.magellangroup.com.au/funds/magellan-global-equities-fund-currency-hedged-managed-fund-asx-mhg/"" target=""_blank"">Magellan Global Equities Fund Currency Hedged (Managed Fund)</a>",MHG,MF,"Yes, IRESS: MHG-AUINAV.NGIF",MSCI World Net Total Return Index (hedged to AUD),Outperform,1.35,Yes,2015-10-08,9.33,13.92,11.73
Equity-GlobalStrategy,"<a href=""https://montaka.com/our-philosophy/active-extension/mkax/"" target=""_blank"">Montaka Global Extension Fund (Quoted Managed Hedged Fund)</a>",MKAX,MF,"Yes, IRESS: MKAXINAV.ETF",7% per annum,Outperform,1.25,Yes,2020-06-24,26.17,20.95,0.0
Equity-GlobalStrategy,"<a href=""https://www.vaneck.com.au/funds/moat/snapshot/"" target=""_blank"">VanEck Morningstar Wide Moat ETF</a>",MOAT,ETF,No,Morningstar Wide Moat Focus Index,Track,0.49,No,2015-06-26,28.86,26.48,19.47
Equity-GlobalStrategy,"<a href=""https://montaka.com/our-philosophy/montaka-global-long-only/mogl/"" target=""_blank"">Montaka Global Long Only Equities Fund (Managed Fund)</a>",MOGL,MF,"Yes, IRESS: MOGLINAV.ETF",MSCI World Net Total Return USD Index,Outperform,1.32,Yes,2017-12-20,30.07,26.3,12.7
Equity-GlobalStrategy,"<a href=""https://www.morningstar.com.au/ETFs/NewsAndQuotes/MSTR"" target=""_blank"">Morningstar International Shares Active ETF (Managed Fund)</a>",MSTR,MF,No,MSCI All Country World ex-Australia Index with Net Dividends Reinvested (Hedged into AUD),Outperform,0.39,No,2019-12-11,-8.63,-6.06,0.0
Equity-GlobalStrategy,"<a href=""https://www.platinum.com.au/Our-Products/All-Products/PIXX-Quoted-Managed"" target=""_blank"">Platinum International Fund (Quoted Managed Hedge Fund)</a>",PIXX,MF,"Yes, IRESS: PIXXINAV.ETF",MSCI All Country World Net Index in AUD,Outperform,1.1,Yes,2017-09-14,8.33,8.81,9.29
Equity-GlobalStrategy,"<a href=""https://www.vaneck.com.au/funds/qhal/snapshot"" target=""_blank"">VanEck MSCI World Ex-Australia Quality (Hedged) ETF</a>",QHAL,ETF,No,MSCI World ex Australia Quality 100% Hedged to AUD Index,Track,0.43,No,2019-03-25,22.85,26.48,0.0
Equity-GlobalStrategy,"<a href=""https://www.betashares.com.au/fund/global-quality-leaders-etf/"" target=""_blank"">BetaShares Global Quality Leaders ETF</a>",QLTY,ETF,No,iSTOXX MUTB Global ex-Australia Quality Leaders Index,Track,0.35,No,2018-07-11,27.99,27.45,23.56
Equity-GlobalStrategy,"<a href=""https://www.spdrs.com.au/etf/fund/spdr-msci-world-quality-mix-fund-QMIX.html"" target=""_blank"">SPDR MSCI World Quality Mix Fund</a>",QMIX,ETF,No,"MSCI World Factor Mix
A-Series Index",Track,0.4,No,2015-09-14,25.06,23.58,15.83
Equity-GlobalStrategy,"<a href=""https://www.vaneck.com.au/blog/etfs/new-quality-international-small-companies-etf/"" target=""_blank"">VanEck MSCI International Small Companies Quality ETF</a>",QSML,ETF,No,MSCI World ex Australia Small Cap Quality 150 Index,Track,0.59,No,2021-10-03,0.0,0.0,0.0
Equity-GlobalStrategy,"<a href=""http://www.vaneck.com.au/"" target=""_blank"">VanEck MSCI World Ex-Australia Quality ETF</a>",QUAL,ETF,No,MSCI World Ex Australia Quality Index,Track,0.4,No,2014-10-31,31.91,30.57,24.24
Equity-GlobalStrategy,"<a href=""https://www.etfsecurities.com.au/category/short--leveraged"" target=""_blank"">ETFS Ultra Short NASDAQ 100 (Hedge Fund)</a>",SNAS,MF,No,Nasdaq 100 Index ,Outperform,1.0,No,2020-07-13,-47.07,-52.83,0.0
Equity-GlobalStrategy,"<a href=""https://www.betashares.com.au/fund/yield-maximiser-fund/"" target=""_blank"">BetaShares S&amp;P 500 Yield Maximiser Fund (Managed Fund)</a>",UMAX,MF,No,Buy/Write S&P 500 Index,Track,0.79,No,2014-09-19,22.42,26.96,9.48
Equity-GlobalStrategy,"<a href=""https://www.vanguard.com.au/personal/products/en/detail/8225/Overview"" target=""_blank"">Vanguard Ethically Conscious International Shares Index ETF</a>",VESG,ETF,No,"FTSE Developed ex-Australia ex-Non-renewable Energy, Vice Products and Weapons Index",Track,0.18,No,2018-09-13,27.63,27.37,20.16
Equity-GlobalStrategy,"<a href=""https://www.vanguard.com.au/personal/products/en/detail/8213/Overview"" target=""_blank"">Vanguard MSCI Index International Shares (Hedged) ETF</a>",VGAD,ETF,No,MSCI World Ex Australia Hedged AUD Index,Track,0.21,No,2014-11-20,19.15,23.26,15.36
Equity-GlobalStrategy,"<a href=""https://www.vanguard.com.au/personal/products/en/detail/8229/Overview"" target=""_blank"">Vanguard Global Multi-Factor Active ETF (Managed Fund)</a>",VGMF,MF,No,FTSE Developed All Cap Index (with net dividends reinvested) in Australian dollars,Outperform,0.34,No,2019-10-04,27.87,28.31,0.0
Equity-GlobalStrategy,"<a href=""https://www.vaneck.com.au/blog/etfs/new-international-value-etf/"" target=""_blank"">VanEck MSCI International Value ETF</a>",VLUE,ETF,No,MSCI World ex Australia Enchanced Value Top 250 Select Index ,Track,0.4,No,2021-10-03,0.0,0.0,0.0
Equity-GlobalStrategy,"<a href=""https://www.vanguard.com.au/personal/products/en/detail/8201/Overview"" target=""_blank"">Vanguard Global Minimum Volatility Active ETF (Managed Fund)</a>",VMIN,MF,No,FTSE Global All Cap Index (AUD Hedged) ,Outperform,0.28,No,2018-04-17,5.66,8.45,5.94
Equity-GlobalStrategy,"<a href=""https://www.vanguard.com.au/personal/products/en/detail/8202/Overview"" target=""_blank"">Vanguard Global Value Equity Active ETF (Managed Fund)</a>",VVLU,MF,No,FTSE Developed All-Cap in Australian Dollars Index,Outperform,0.29,No,2018-04-17,33.97,35.44,10.05
Equity-GlobalStrategy,"<a href=""https://www.switzerassetmanagement.com.au/investments/wcm/"" target=""_blank"">WCM Quality Global Growth Fund (Quoted Managed Fund)</a>",WCMQ,MF,"Yes, IRESS: WCMQINAV.ETF","Outperform MSCI All Country World Index (ex-Australia) with gross dividends reinvested, reported in AUD and unhedged",Outperform,1.35,Yes,2018-03-09,16.9,17.65,23.98
Equity-GlobalStrategy,"<a href=""https://www.spdrs.com.au/etf/fund/spdr-sp-global-dividend-fund-WDIV.html"" target=""_blank"">SPDR S&amp;P Global Dividend Fund</a>",WDIV,ETF,No,S&P Global Dividend Aristocrats Index,Track,0.5,No,2013-04-11,18.23,17.29,4.84
Equity-GlobalStrategy,"<a href=""https://www.betashares.com.au/fund/managed-risk-global-share-fund/"" target=""_blank"">BetaShares Managed Risk Global Share Fund (Managed Fund)</a>",WRLD,MF,No,Benchmark Unaware,Benchmark Unaware,0.54,No,2015-12-21,22.87,22.11,12.02
Equity-GlobalStrategy,"<a href=""https://www.spdrs.com.au/etf/fund/spdr-sp-world-ex-australia-hedged-fund-WXHG.html"" target=""_blank"">SPDR S&amp;P World ex Australian (Hedged) Fund</a>",WXHG,ETF,No,"S&P Developed Ex-Australia LargeMid
Cap AUD Hedged Index",Track,0.35,No,2013-09-07,18.5,22.7,14.8
Equity-GlobalStrategy,"<a href=""https://www.etfsecurities.com.au/product/zyus"" target=""_blank"">ETFS S&amp;P 500 High Yield Low Volatility ETF</a>",ZYUS,ETF,No,S&P 500 Low Volatility High Dividend Index,Track,0.35,No,2015-12-06,24.14,21.63,5.02
Equity-GlobalFactors,"<a href=""https://www.betashares.com.au/fund/ftse-rafi-us-etf/"" target=""_blank"">BetaShares S&amp;P 500 Equal Weight ETF</a>",QUS,ETF,No,S&P 500 Equal Weight Index,Track,0.29,No,2014-12-19,32.11,30.99,15.01
Equity-GlobalFactors,"<a href=""https://www.blackrock.com/au/individual/products/284665/ishares-edge-msci-world-multi-factor-etf"" target=""_blank"">iShares Edge MSCI World Multifactor ETF</a>",WDMF,ETF,No,iShares Edge MSCI World Multifactor ETF,Track,0.35,No,2016-10-14,23.57,22.9,13.48
Equity-GlobalFactors,"<a href=""https://www.blackrock.com/au/individual/products/284667/ishares-edge-msci-world-minimum-volatility-etf"" target=""_blank"">iShares Edge MSCI World Minimum Volatility ETF</a>",WVOL,ETF,No,iShares Edge MSCI World Minimum Volatility ETF,Track,0.3,No,2016-10-14,17.39,14.73,10.19
Equity-EmergingMarkets,"<a href=""https://www.vaneck.com.au/funds/emkt/snapshot/"" target=""_blank"">VanEck MSCI Multifactor Emerging Markets Equity ETF</a>",EMKT,ETF,No,MSCI Emerging Markets Diversified Multiple-Factor Index (AUD),Track,0.69,No,2018-12-04,11.99,14.92,10.43
Equity-EmergingMarkets,"<a href=""https://www.blackrock.com/au/individual/products/273417/ishares-msci-emerging-markets-etf"" target=""_blank"">iShares MSCI Emerging Markets ETF</a>",IEM,ETF,No,MSCI Emerging Markets Index,Track,0.69,No,2007-10-10,3.27,5.47,8.91
Equity-EmergingMarkets,"<a href=""https://www.vanguard.com.au/personal/products/en/detail/8204/Overview"" target=""_blank"">Vanguard FTSE Emerging Markets Shares ETF</a>",VGE,ETF,No,FTSE Emerging Markets Index,Track,0.48,No,2013-11-21,7.92,9.11,10.49
Equity-EmergingMarkets,"<a href=""https://www.spdrs.com.au/etf/fund/spdr-sp-emerging-markets-fund-WEMG.html"" target=""_blank"">SPDR S&amp;P Emerging Markets Fund</a>",WEMG,ETF,No,S&P Emerging Markets Large Mid Cap Index,Track,0.65,No,2013-04-11,5.0,6.63,9.74
Equity-Asia,"<a href=""https://www.blackrock.com/au/individual/products/273416/ishares-asia-50-etf"" target=""_blank"">iShares S&amp;P Asia 50 ETF</a>",IAA,ETF,No,S&P Asia 50 Index,Track,0.51,No,2008-10-09,-3.96,-1.47,12.75
Equity-Asia,"<a href=""https://www.platinum.com.au/Our-Products/All-Products/PAXX-Quoted-Managed"" target=""_blank"">Platinum Asia Fund (Quoted Managed Hedge Fund)</a>",PAXX,MF,"Yes, IRESS: PAXXINAV.ETF",MSCI All Country Asia ex Japan Net Index in AUD,Outperform,1.1,Yes,2017-09-14,-2.26,-0.36,14.09
Equity-Asia,"<a href=""https://www.vanguard.com.au/personal/products/en/detail/8215/Overview"" target=""_blank"">Vanguard FTSE Asia Ex-Japan Shares Index ETF</a>",VAE,ETF,No,FTSE Asia Pacific ex Japan Australia and New Zealand,Track,0.4,No,2015-11-12,3.0,4.97,11.48
Equity-China,"<a href=""https://www.vaneck.com.au/funds/cetf/snapshot/"" target=""_blank"">VanEck ChinaAMC A-Share ETF</a>",CETF,ETF,No,VanEck ChinaAMC A-Share ETF,Track,0.6,No,2015-06-26,-2.24,0.16,15.26
Equity-China,"<a href=""http://au.ishares.com/fund/fund-overview-IZZ-ASX.do"" target=""_blank"">iShares FTSE China Large-Cap ETF</a>",IZZ,ETF,No,iShares FTSE China Large-Cap ETF,Track,0.77,No,2007-11-15,-10.23,-14.25,-0.36
Equity-Europe,"<a href=""https://www.etfsecurities.com.au/product/estx"" target=""_blank"">ETFS EURO STOXX 50 ETF</a>",ESTX,ETF,No,"EURO STOXX
50® Index",Track,0.35,No,2016-07-21,16.54,15.8,11.86
Equity-Europe,"<a href=""https://www.betashares.com.au/fund/europe-etf-currency-hedged/"" target=""_blank"">BetaShares Europe ETF - Currency Hedged</a>",HEUR,ETF,No,S&P Eurozone Exporters Hedged AUD Index,Track,0.56,No,2016-12-05,18.36,21.19,11.48
Equity-Europe,"<a href=""https://www.blackrock.com/au/individual/products/273427/ishares-europe-etf"" target=""_blank"">iShares S&amp;P Europe ETF</a>",IEU,ETF,No,S&P Europe 350 Index,Track,0.6,No,2007-10-10,20.17,20.12,11.31
Equity-Europe,"<a href=""https://www.vanguard.com.au/personal/products/en/detail/8214/Overview"" target=""_blank"">Vanguard FTSE Europe Shares ETF</a>",VEQ,ETF,No,FTSE Developed Europe All Cap Index,Track,0.35,No,2015-11-12,20.23,20.44,11.95
Equity-Japan,"<a href=""https://www.betashares.com.au/fund/japan-etf-currency-hedged/"" target=""_blank"">BetaShares Japan  ETF - Currency Hedged</a>",HJPN,ETF,No,S&P Japan Exporters Hedged AUD Index,Track,0.56,No,2016-12-05,12.09,17.06,10.5
Equity-Japan,"<a href=""https://www.blackrock.com/au/individual/products/273434/ishares-msci-japan-etf"" target=""_blank"">iShares MSCI Japan ETF</a>",IJP,ETF,No,MSCI Japan Index,Track,0.47,No,2007-10-10,7.52,8.08,8.73
Equity-SouthKorea,"<a href=""http://au.ishares.com/fund/fund-overview-IKO-ASX.do"" target=""_blank"">iShares MSCI South Korea Capped Index ETF</a>",IKO,ETF,No,MSCI Korea 25-50 Index,Track,0.63,No,2007-11-15,-4.23,3.66,10.09
Equity-UnitedKingdom,"<a href=""https://www.betashares.com.au/fund/ftse-100-etf/"" target=""_blank"">BetaShares FTSE 100 ETF</a>",F100,ETF,No,FTSE 100 Index,Track,0.45,No,2019-07-16,18.59,32.51,0.0
Equity-USA,"<a href=""https://www.blackrock.com/au/individual/products/271027/ishares-s-and-p-500-aud-hedged-etf"" target=""_blank"">iShares S&amp;P 500 AUD Hedged ETF</a>",IHVV,ETF,No,S&P 500 Hedged AUD Index,Track,0.1,No,2014-12-18,22.26,26.56,17.29
Equity-USA,"<a href=""https://www.blackrock.com/au/individual/products/273425/ishares-s-p-mid-cap-etf-fund"" target=""_blank"">iShares S&amp;P Midcap ETF</a>",IJH,ETF,No,S&P MidCap 400 Index,Track,0.09,No,2007-10-10,28.91,30.97,15.48
Equity-USA,"<a href=""https://www.blackrock.com/au/individual/products/273426/ishares-s-p-small-cap-etf-fund"" target=""_blank"">iShares S&amp;P Small-Cap ETF</a>",IJR,ETF,No,S&P SmallCap 600 Index,Track,0.09,No,2007-10-10,31.64,35.99,14.14
Equity-USA,"<a href=""https://www.blackrock.com/au/individual/products/275304/ishares-s-p-500-etf-fund"" target=""_blank"">iShares S&amp;P 500 ETF</a>",IVV,ETF,No,S&P 500 Index,Track,0.04,No,2007-10-10,33.79,32.48,21.18
Equity-USA,"<a href=""https://www.betashares.com.au/fund/nasdaq-100-etf/"" target=""_blank"">BetaShares NASDAQ 100 ETF</a>",NDQ,ETF,No,"NASDAQ 100
Stock Index",Track,0.48,No,2015-05-26,36.38,36.8,34.08
Equity-USA,"<a href=""https://www.spdrs.com.au/etf/fund/spdr-sp-500-etf-trust-SPY.html"" target=""_blank"">SPDR S&amp;P 500 ETF Trust</a>",SPY,ETF,No,S&P 500 Index,Track,0.0945,No,2014-10-13,33.67,32.52,21.3
Equity-USA,"<a href=""https://www.vanguard.com.au/personal/products/en/detail/0970/Overview"" target=""_blank"">Vanguard US Total Market Shares Index ETF</a>",VTS,ETF,No,CRSP US Total Market Index,Track,0.03,No,2009-08-05,31.47,31.13,21.38
Equity-India,"<a href=""https://www.betashares.com.au/fund/india-quality-etf/"" target=""_blank"">BetaShares India Quality ETF</a>",IIND,ETF,No,Solactive India Quality Select Index NTR,Track,0.8,No,2019-06-08,15.63,23.45,0.0
Equity-India,"<a href=""https://www.etfsecurities.com.au/product/ndia"" target=""_blank"">ETFS Reliance India Nifty 50 ETF</a>",NDIA,ETF,No,Nifty50 Index,Track,0.69,No,2019-06-21,25.88,30.26,0.0
Equity-Infrastructure,"<a href=""http://www.vaneck.com.au/"" target=""_blank"">VanEck FTSE Global Infrastructure (Hedged) ETF</a>",IFRA,ETF,No,FTSE Developed Core Infrastructure 50/50 Index,Track,0.52,No,2016-03-05,9.35,9.03,6.13
Equity-Infrastructure,"<a href=""https://www.magellangroup.com.au/funds/magellan-infrastructure-fund-currency-hedged-managed-fund-asx-mich/"" target=""_blank"">Magellan Infrastructure Fund (Currency Hedged) (Managed Fund)</a>",MICH,MF,"Yes, IRESS: MICH-AUINAV.NGIF",S&P Global Infrastructure Index A$ Hedged Total Return,Outperform,1.06,Yes,2016-07-22,7.36,12.67,5.84
Equity-Infrastructure,"<a href=""https://www.vanguard.com.au/personal/products/en/detail/8228/Overview"" target=""_blank"">Vanguard Global Infrastructure Index ETF</a>",VBLD,ETF,No,Track FTSE Developed Core Infrastructure Index (with net diviends reinvested)(AUD),Track,0.47,No,2018-10-23,19.49,15.12,10.01
Property-Australia,"<a href=""https://www.vaneck.com.au/funds/mva/snapshot/"" target=""_blank"">VanEck Australian Property ETF</a>",MVA,ETF,"Yes, ASX: YMVA",Market Australia A-REITs,Track,0.35,No,2013-10-16,17.37,17.62,11.59
Property-Australia,"<a href=""https://www.betashares.com.au/fund/betashares-legg-mason-real-income-fund/"" title=""Follow link"">BetaShares Martin Currie Real Income Fund (Managed Fund)</a>",RINC,MF,"Yes, IRESS: RINCINAV.ETF",S&P/ASX 200,Outperform,0.85,No,2018-02-19,13.95,13.66,7.68
Property-Australia,"<a href=""https://www.spdrs.com.au/etf/fund/spdr-sp-asx-200-listed-property-fund-SLF.html"" target=""_blank"">SPDR S&amp;P/ASX 200 Listed Property Fund</a>",SLF,ETF,"Yes, ASX: YSLF",S&P/ASX 200 A-REIT Index,Track,0.4,No,2002-02-18,19.74,20.2,11.36
Property-Australia,"<a href=""https://www.vanguard.com.au/personal/products/en/detail/8206/Overview"" target=""_blank"" title=""vap"">Vanguard Australian Property Securities Index ETF</a>",VAP,ETF,Yes,S&P/ASX 300 A-REIT Index,Track,0.23,No,2010-10-15,20.46,21.18,11.98
Property-Global,"<a href=""https://www.spdrs.com.au/etf/fund/spdr-dow-jones-global-real-estate-fund-DJRE.html"" target=""_blank"">SPDR Dow Jones Global Select Real Estate Fund</a>",DJRE,ETF,No,Dow Jones Global Select Real Estate Securities Index,Track,0.5,No,2013-04-11,32.74,31.77,8.12
Property-Global,"<a href=""https://www.vaneck.com.au/funds/reit/snapshot"" target=""_blank"">VanEck FTSE International Property (Hedged) ETF</a>",REIT,ETF,No,FTSE EPRA NAREIT Developed ex Australia Rental Index AUD Hedged,Track,0.43,No,2019-02-04,23.79,27.3,0.0
Currency,"<a href=""http://www.betashares.com.au/fund/strong-australian-dollar-fund/"" target=""_blank"">BetaShares Strong Australian Dollar Fund (Hedge Fund)</a>",AUDS,MF,Yes,Geared exposure to the value of the change in AUD relative to the USD,Outperform,1.38,No,2017-01-24,-8.53,11.58,-1.94
Currency,"<a href=""https://www.betashares.com.au/fund/euro-etf-betashares/"" target=""_blank"">BetaShares Euro ETF</a>",EEU,ETF,Yes,Euro,Track,0.45,No,2011-11-07,-0.97,-3.35,-0.11
Currency,"<a href=""https://www.betashares.com.au/fund/british-pound-etf-betashares/"" target=""_blank"">BetaShares British Pound ETF</a>",POU,ETF,Yes,British Pound,Track,0.45,No,2011-11-07,4.89,2.52,2.02
Currency,"<a href=""https://www.betashares.com.au/fund/us-dollar-etf-betashares/"" target=""_blank"">BetaShares U.S Dollar ETF</a>",USD,ETF,Yes,US Dollar,Track,0.45,No,2011-01-02,8.49,3.58,1.57
Currency,"<a href=""http://www.betashares.com.au/fund/strong-us-dollar-fund/"" target=""_blank"">BetaShares Strong US Dollar Fund (Hedge Fund)</a>",YANK,MF,Yes,Geared exposure to the value of the change in USD relative to the AUD,Outperform,1.38,No,2017-01-24,4.25,-16.61,-8.33
FixedIncome-AustralianDollar,"<a href=""https://www.vanguard.com.au/personal/products/en/detail/8203/Overview"" target=""_blank"" title=""Follow link"">Vanguard Australian Corporate Fixed Interest Index ETF</a>",VACF,ETF,Yes,Bloomberg AusBond Credit 0+ Yr Index  ,Track,0.2,No,2016-05-25,-2.05,-1.98,3.41
FixedIncome-AustralianDollar,"<a href=""https://www.vanguardinvestments.com.au/retail/ret/investments/etfs.jsp"" target=""_blank"" title=""Follow link"">Vanguard Australian Fixed Interest Index ETF</a>",VAF,ETF,Yes,Bloomberg AusBond Composite Index  ,Track,0.15,No,2012-10-31,-3.14,-3.39,3.16
FixedIncome-AustralianDollar,"<a href=""https://www.betashares.com.au/fund/australian-government-bond-etf/"" target=""_blank"">BetaShares Australian Government Bond ETF</a>",AGVT,ETF,No,Solactive Australian Government 7-12 Year AUD TR Index,Track,0.22,No,2019-09-07,-4.74,-5.18,0.0
FixedIncome-AustralianDollar,"<a href=""https://www.betashares.com.au/fund/betashares-legg-mason-australian-bond-fund/"" title=""Follow link"">BetaShares Western Asset Australian Bond Fund (Managed Fund)</a>",BNDS,MF,No,Bloomberg AusBond Composite Index ,Outperform,0.42,No,2018-11-16,-3.22,-3.37,3.38
FixedIncome-AustralianDollar,"<a href=""https://www.spdrs.com.au/etf/fund/spdr-sp-asx-australian-bond-fund-BOND.html"" target=""_blank"">SPDR S&amp;P/ASX Australian Bond Fund</a>",BOND,ETF,No,S&P/ASX Australian Fixed Interest Index,Track,0.24,No,2012-07-27,-3.53,-3.82,3.28
FixedIncome-AustralianDollar,"<a href=""https://www.betashares.com.au/fund/australian-investment-grade-corporate-bond-etf/"" target=""_blank"">BetaShares Australian Investment Grade Bond ETF</a>",CRED,ETF,No,Solactive Australian Investment Grade Corporate Bond Index,Track,0.25,No,2018-04-06,-3.51,-3.39,5.57
FixedIncome-AustralianDollar,"<a href=""https://www.vaneck.com.au/etf/income/flot/snapshot/"" target=""_blank"" title=""flot"">VanEck Australian Floating Rate ETF</a>",FLOT,ETF,No,Bloomberg AusBond Credit FRN 0+ Yr Index,Track,0.22,No,2017-07-07,0.09,0.05,1.51
FixedIncome-AustralianDollar,"<a href=""https://www.spdrs.com.au/etf/fund/spdr-sp-asx-australian-government-bond-fund-GOVT.html"" target=""_blank"">SPDR S&amp;P/ASX Australian Government Bond Fund</a>",GOVT,ETF,No,S&P/ASX Government Bond Index,Track,0.22,No,2012-07-27,-3.64,-3.95,3.37
FixedIncome-AustralianDollar,"<a href=""https://www.betashares.com.au/fund/active-australian-hybrids-fund/"" target=""_blank"">BetaShares Active Australian Hybrids Fund</a>",HBRD,MF,"Yes, IRESS: HBRDINAV.ETF",Solactive Australian Hybrid Securities Index,Outperform,0.55,Yes,2017-11-17,2.97,4.1,4.18
FixedIncome-AustralianDollar,"<a href=""https://www.blackrock.com/au/individual/products/251977/ishares-core-composite-bond-etf"" target=""_blank"">iShares Core Composite Bond ETF</a>",IAF,ETF,No,Bloomberg AusBond Composite Bond Index,Track,0.15,No,2012-03-14,-3.14,-3.41,3.17
FixedIncome-AustralianDollar,"<a href=""https://www2.asx.com.au/markets/company/icor"" target=""_blank"">iShares Core Corporate Bond ETF</a>",ICOR,ETF,No,Bloomberg AusBond Credit 0+ Yr Index,Track,0.15,No,2020-05-29,-2.6,-2.6,0.0
FixedIncome-AustralianDollar,"<a href=""https://www.blackrock.com/au/individual/products/251979/ishares-treasury-etf"" target=""_blank"">iShares Treasury ETF</a>",IGB,ETF,No,Bloomberg AusBond Treasury Index,Track,0.18,No,2012-03-14,-3.27,-3.6,3.29
FixedIncome-AustralianDollar,"<a href=""https://www.blackrock.com/au/individual/products/251978/ishares-government-inflation-etf"" target=""_blank"">iShares Government Inflation ETF</a>",ILB,ETF,No,Bloomberg AusBond Inflation Government 0+ Yr Index,Track,0.18,No,2012-03-14,-1.22,-0.05,4.96
FixedIncome-AustralianDollar,"<a href=""https://www2.asx.com.au/markets/etp/iyld"" target=""_blank"">iShares Yield Plus ETF</a>",IYLD,ETF,No,Bloomberg AusBond Credit and FRN Ex Big 4 Banks Index,Track,0.12,No,2020-05-29,0.43,1.4,0.0
FixedIncome-AustralianDollar,"<a href=""https://www.vaneck.com.au/funds/plus/Snapshot/"" target=""_blank"">VanEck Australian Corporate Bond Plus ETF</a>",PLUS,ETF,No,Markit iBoxx AUD Corporates Yield Plus Index,Track,0.32,No,2017-11-05,-2.56,-2.42,4.2
FixedIncome-AustralianDollar,"<a href=""https://www.betashares.com.au/fund/australian-bank-floating-rate-bond-etf/"" target=""_blank"">BetaShares Australian Bank Senior Floating Rate Bond ETF</a>",QPON,ETF,No,Solactive Australian Bank Senior Floating Rate Bond Index,Track,0.22,No,2017-06-06,-0.29,-0.39,1.94
FixedIncome-AustralianDollar,None,RCB,ETF,No,"Deutsche Bank DBIQ 0-4 Year
Australian Corporate Bond Index",Track,0.28,No,2012-03-13,-1.9,-1.99,3.41
FixedIncome-AustralianDollar,None,RGB,ETF,No,"Deutsche Bank DBIQ 5-10
Year Australian Government Bond Index",Track,0.24,No,2012-03-13,-3.55,-3.93,3.98
FixedIncome-AustralianDollar,None,RSM,ETF,No,Deutsche Bank DBIQ 0-5 year Australian Semi Government Bond Index,Track,0.26,No,2012-03-13,-2.65,-2.65,2.77
FixedIncome-AustralianDollar,"<a href=""https://www.vaneck.com.au/funds/subd/snapshot/"" target=""_blank"">VanEck Australian Subordinated Debt ETF</a>",SUBD,ETF,No,iBoxx AUD Investment Grade Subordinated Debt Index,Track,0.29,No,2019-10-30,1.72,2.2,0.0
FixedIncome-AustralianDollar,"<a href=""https://www.vanguard.com.au/personal/products/en/detail/8203/Overview"" target=""_blank"">Vanguard Australian Corporate Fixed Interest Index ETF</a>",VACF,ETF,Yes,Bloomberg AusBond Credit 0+ Yr Index,Track,0.26,No,2016-05-25,-2.05,-1.98,3.41
FixedIncome-AustralianDollar,"<a href=""https://www.vanguardinvestments.com.au/retail/ret/investments/etfs.jsp"" target=""_blank"">Vanguard Australian Fixed Interest Index ETF</a>",VAF,ETF,Yes,Bloomberg AusBond Composite Index,Track,0.2,No,2012-10-31,-3.14,-3.39,3.16
FixedIncome-AustralianDollar,"<a href=""https://www.vanguard.com.au/personal/products/en/detail/8208/Overview"" target=""_blank"">Vanguard Australian Government Bond Index ETF</a>",VGB,ETF,Yes,"Bloomberg AusBond Govt 0+
Yr Index",Track,0.2,No,2012-04-30,-3.35,-3.64,3.29
FixedIncome-AustralianDollar,"<a href=""https://etfs.fidanteactivex.com.au/xaro/ardea/"" target=""_blank"">ActiveX Ardea Real Outcome Bond Fund (Managed Fund)</a>",XARO,MF,No,RBA Inflation rate (Consumer Price Index),Outperform,0.5,No,2018-10-12,-1.03,-1.15,0.0
FixedIncome-Global,"<a href=""https://www.vaneck.com.au/blog/news/global-income-opportunity/"" target=""_blank"" title=""Follow link"">VanEck Bentahm Global Capital Securities Active ETF (Managed Fund) (ASX: GCAP)</a>",GCAP,MF,No,RBA Cash Rate + 3% p.a.,Outperform,0.59,Yes,2021-05-08,0.0,0.0,0.0
FixedIncome-Global,"<a href=""https://www.vaneck.com.au/etf/income/ebnd/portfolio-analytics/"" target=""_blank"">VanEck Emerging Income Opportunities Active ETF (Managed Fund)</a>",EBND,ETF,No,50% J.P. Morgan Emerging Market Bond Index Global Diversified Hedged AUD and 50% J.P. Morgan Government Bond-Emerging Market Index Global Diversified.,Track,0.95,No,2020-02-13,-1.09,-0.71,0.0
FixedIncome-Global,"<a href=""https://www.betashares.com.au/fund/sustainability-leaders-diversified-bond-etf-currency-hedged/"" target=""_blank"">BetaShares Sustainability Leaders Diversified Bond ETF - Currency Hedged</a>",GBND,ETF,No,Solactive Australian and Global Select Sustainability Leaders Bond TR Index - AUD Hedged,Track,0.49,No,2019-11-28,-4.48,-4.34,0.0
FixedIncome-Global,"<a href=""https://www.betashares.com.au/fund/betashares-global-government-bond-20-year-etf-currency-hedged/"" target=""_blank"">BetaShares Global Government Bond 20+ Year ETF</a>",GGOV,ETF,No,S&P G7 Sovereign Duration-Capped 20+ Year AUD Hedged Bond Index,Track,0.22,No,2020-11-05,-5.21,-4.62,0.0
FixedIncome-Global,"<a href=""https://www.blackrock.com/au/individual/products/275246/ishares-core-global-corporate-bond-aud-hedged-etf-fund"" target=""_blank"">iShares Core Global Corporate Bond (AUD Hedged) ETF</a>",IHCB,ETF,No,"Bloomberg Barclays Global Aggregate Corporate
Bond Index (AUD hedged)",Track,0.26,No,2015-09-12,-1.3,-0.89,5.33
FixedIncome-Global,"<a href=""https://www.blackrock.com/au/individual/products/275254/ishares-j-p-morgan-usd-emerging-markets-bond-aud-hedged-e-fund"" target=""_blank"">iShares J.P.Morgan USD Emerging Markets Bond (AUD Hedged) ETF</a>",IHEB,ETF,No,J.P. Morgan EMBI Global Core Hedged Index (AUD hedged),Track,0.51,No,2015-09-12,-4.9,-2.76,4.87
FixedIncome-Global,"<a href=""https://www.blackrock.com/au/individual/products/275248/ishares-global-high-yield-bond-aud-hedged-etf"" target=""_blank"">iShares Global High Yield Bond (AUD Hedged) ETF</a>",IHHY,ETF,No,"Markit iBoxx Global
Developed Markets Liquid High Yield Capped Index (AUD hedged)",Track,0.56,No,2015-09-12,1.04,3.3,3.97
FixedIncome-Global,"<a href=""https://www.vanguard.com.au/personal/products/en/detail/8200/Overview"" target=""_blank"">Vanguard Global Aggregate Bond Index (Hedged) ETF</a>",VBND,ETF,No,"Bloomberg Barclays Global Aggregate Float Adjusted Total Return Index
(AUD hedged)",Track,0.2,No,2017-12-10,-1.55,-1.35,4.15
FixedIncome-Global,"<a href=""https://www.vanguard.com.au/personal/products/en/detail/8217/Overview"" target=""_blank"">Vanguard International Credit Securities Index (Hedged) ETF</a>",VCF,ETF,No,Bloomberg Barclays Global Aggregate Corp/Gov-related TR Index (AUD Hedged),Track,0.3,No,2015-08-12,-1.39,-1.03,4.99
FixedIncome-Global,"<a href=""https://www.vanguard.com.au/personal/products/en/detail/8224/Overview"" target=""_blank"">Vanguard Ethically Conscious Global Aggregate Bond Index (Hedged) ETF</a>",VEFI,ETF,No,Bloomberg Barclays MSCI Global Aggregate SRI Exclusions Float Adjusted Index,Track,0.26,No,2018-09-13,-1.63,-1.46,3.98
FixedIncome-Global,"<a href=""https://www.vanguard.com.au/personal/products/en/detail/8216/Overview"" target=""_blank"">Vanguard International Fixed Interest Index (Hedged) ETF</a>",VIF,ETF,No,Bloomberg Barclays Global Treasury Total Return Index hedged to AUD,Track,0.2,No,2015-08-12,0.0,-1.49,3.57
Cash,"<a href=""https://www.betashares.com.au/fund/high-interest-cash-etf/"" target=""_blank"">BetaShares Australian High Interest Cash ETF</a>",AAA,ETF,Yes,30 Day Bank Bill Swap Rate,Track,0.18,No,2012-07-03,0.31,0.35,0.97
Cash,"<a href=""https://www.blackrock.com/au/individual/products/287045/ishares-core-cash-etf-fund"" target=""_blank"">iShares Core Cash ETF</a>",BILL,ETF,No,S&P/ASX Bank Bill Index,Track,0.07,No,2017-06-06,0.0,0.01,0.68
Cash,"<a href=""https://www.blackrock.com/au/individual/products/287042/ishares-enhanced-cash-etf-fund"" target=""_blank"">iShares Enhanced Cash ETF</a>",ISEC,ETF,No,S&P/ASX Bank Bill Index,Track,0.12,No,2017-06-06,0.07,0.08,0.85
MixedAsset,"<a href=""https://www.betashares.com.au/fund/ethical-diversified-balanced-etf/"" target=""_blank"">BetaShares Ethical Diversified Balanced ETF</a>",DBBF,ETF,No,Benchmark Unaware,Benchmark Unaware,0.39,No,2019-11-12,6.93,12.22,0.0
MixedAsset,"<a href=""https://www.betashares.com.au/fund/ethical-diversified-growth-etf/"" target=""_blank"">BetaShares Ethical Diversified Growth ETF</a>",DGGF,ETF,No,Benchmark Unaware,Benchmark Unaware,0.39,No,2019-09-12,11.65,19.48,0.0
MixedAsset,"<a href=""https://www.betashares.com.au/fund/diversified-all-growth-etf/"" target=""_blank"">BetaShares Diversified All Growth ETF</a>",DHHF,ETF,No,Benchmark Unaware,Benchmark Unaware,0.19,No,2019-05-12,18.21,27.94,0.0
MixedAsset,"<a href=""https://www.betashares.com.au/fund/ethical-diversified-high-growth-etf/"" target=""_blank"">BetaShares Ethical Diversified High Growth ETF</a>",DZZF,ETF,No,Benchmark Unaware,Benchmark Unaware,0.39,No,2019-12-12,16.55,20.09,0.0
MixedAsset,"<a href=""https://www.schroders.com/en/au/individuals/funds/grow/"" target=""_blank"">Schroder Real Return Fund (Managed Fund)</a>",GROW,MF,"Yes, IRESS: GROWINAV.ETF","5.0% above Australian inflation over rolling 3
year periods",Outperform,0.83,No,2016-08-16,4.44,4.8,5.58
MixedAsset,"<a href=""https://www.vanguard.com.au/personal/products/en/detail/8218/Overview"" target=""_blank"">Vanguard Diversified Balanced Index ETF</a>",VDBA,ETF,No,Balanced Composite Index,Track,0.27,No,2017-11-22,7.94,8.69,9.45
MixedAsset,"<a href=""https://www.vanguard.com.au/personal/products/en/detail/8219/Overview"" target=""_blank"">Vanguard Diversified Conservative Index ETF</a>",VDCO,ETF,No,"Conservative Composite Index
- ETF",Track,0.27,No,2017-11-22,4.0,4.45,6.93
MixedAsset,"<a href=""https://www.vanguard.com.au/personal/products/en/detail/8220/Overview"" target=""_blank"">Vanguard Diversified Growth Index ETF</a>",VDGR,ETF,No,"Growth Composite Index
- ETF",Track,0.27,No,2017-11-22,12.22,13.26,11.69
MixedAsset,"<a href=""https://www.vanguard.com.au/personal/products/en/detail/8221/Overview"" target=""_blank"">Vanguard Diversified High Growth Index ETF</a>",VDHG,ETF,No,"High Growth Composite Index
- ETF",Track,0.27,No,2017-11-22,16.65,18.02,13.93
Commodity,"<a href=""https://www.etfsecurities.com.au/product/etpmag"" target=""_blank"">ETFS Physical Silver </a>",ETPMAG,SP,No,LBMA Silver Price - Price/US Cents,Track,0.49,No,2009-01-30,-6.88,6.75,17.69
Commodity,"<a href=""https://www.etfsecurities.com.au/product/etpmpd"" target=""_blank"">ETFS Physical Palladium</a>",ETPMPD,SP,No,London Metal Exchange Palladium PM Fix Price/USD,Track,0.49,No,2009-01-30,-19.58,-23.86,14.17
Commodity,"<a href=""https://www.etfsecurities.com.au/product/etpmpm"" target=""_blank"">ETFS Precious Metals Basket</a>",ETPMPM,SP,No,"LBMA Gold Price PM, LBMA Silver Pirce, LME Palladium PM, LME Platinum PM",Track,0.44,No,2009-01-30,-5.85,-3.49,14.43
Commodity,"<a href=""https://www.etfsecurities.com.au/product/etpmpt"" target=""_blank"">ETFS Physical Platinum</a>",ETPMPT,SP,No,London Metal Exchange Platinum PM Fix USD,Track,0.49,No,2009-01-30,-5.28,-0.29,5.97
Commodity,"<a href=""https://www.etfsecurities.com.au/product/gold"" target=""_blank"">ETFS Physical Gold</a>",GOLD,SP,Yes,LBMA Gold Price PM USD,Track,0.4,No,2003-03-28,3.0,5.96,14.68
Commodity,"<a href=""https://www.betashares.com.au/fund/oil-etf-betashares/"" target=""_blank"">BetaShares Crude Oil Index ETF-Currency Hedged (Synthetic)</a>",OOO,ETF,Yes,S&P GSCI Crude Oil Official Close Index ER,Track,1.29,No,2011-11-16,38.97,47.78,-21.2
Commodity,"<a href=""https://www.perthmint.com/storage/perth-mint-gold-asx.html"" target=""_blank"">Perth Mint Gold</a>",PMGOLD,SP,No,Spot Gold Price,Track,0.15,No,2010-12-29,-3.3,-10.74,11.42
Commodity,"<a href=""https://www.betashares.com.au/fund/gold-etf-currency-hedged/"" target=""_blank"">BetaShares Gold Bullion ETF (AU$ Hedged)</a>",QAU,ETF,Yes,LBMA Gold Price AM USD,Track,0.59,No,2011-04-05,-6.13,-0.04,11.42
